label,host,username,role
乌镇1500,scnet-wuzhen-1500,acp6varuz3,aggregator
乌镇1352,scnet-wuzhen-1352,acm83pfnji,worker
乌镇1731,scnet-wuzhen-1731,ac2k2a2td1,worker
乌镇1866,scnet-wuzhen-1866,aczlvkl1ac,worker
乌镇1775,scnet-wuzhen-1775,acsep06cn2,worker
乌镇1311,scnet-wuzhen-1311,acv2o7b0gn,worker
乌镇1331,scnet-wuzhen-1331,acbzycio4i,worker
乌镇1863,scnet-wuzhen-1863,ace4cjbrjf,worker
乌镇1892,scnet-wuzhen-1892,acmctdumnv,worker
乌镇1520,scnet-wuzhen-1520,acebblgpte,worker
乌镇1870,scnet-wuzhen-1870,acjp7am6kd,worker
乌镇1959,scnet-wuzhen-1959,acxujo26gv,worker
乌镇1752,scnet-wuzhen-1752,acavkyjhiz,worker
乌镇1862,scnet-wuzhen-1862,acdnwyi34a,worker
乌镇1359,scnet-wuzhen-1359,ac8svj4ybp,worker
